,id,passing_accuracy(%),passes_attempted,passes_completed,crossing_accuracy(%),crosses_attempted,crosses_completed,free_kick_taken,matches_appearance
0,250050416,100,19,19,0,0,0,0,1
1,250138626,100,17,17,0,0,0,0,1
2,250123978,100,15,15,0,0,0,0,1
3,1902445,100,14,14,0,0,0,0,1
4,250089626,100,13,13,0,0,0,0,2
5,250175393,100,11,11,50,2,1,0,1
6,250014636,100,9,9,0,0,0,1,1
7,250190378,100,9,9,0,0,0,0,1
8,250193442,100,8,8,0,0,0,1,1
9,250087967,100,8,8,0,0,0,0,1
10,250163186,100,7,7,100,1,1,0,2
11,250197264,100,7,7,0,0,0,0,1
12,250087431,100,5,5,0,0,0,0,1
13,250161142,100,4,4,100,1,1,0,1
14,250182794,100,4,4,0,0,0,0,1
15,250118912,100,4,4,0,0,0,0,1
16,250187067,100,3,3,0,2,0,0,1
17,250181428,100,3,3,0,0,0,0,1
18,250168996,100,3,3,0,0,0,0,1
19,250187793,100,3,3,0,0,0,0,1
20,250138999,100,3,3,0,0,0,0,1
21,250189107,100,3,3,0,0,0,0,1
22,250154309,100,3,3,0,0,0,0,1
23,250130771,100,2,2,0,0,0,0,1
24,250165221,100,2,2,0,0,0,0,1
25,250054393,100,2,2,0,0,0,0,1
26,250098468,100,2,2,0,0,0,0,1
27,250172594,100,2,2,0,0,0,0,1
28,250169763,100,2,2,0,0,0,0,1
29,250133903,100,2,2,0,0,0,0,1
30,250061589,100,2,2,0,0,0,0,1
31,250172340,100,2,2,0,0,0,0,1
32,250086709,100,2,2,0,0,0,0,1
33,250174602,100,1,1,0,0,0,0,1
34,250135607,100,1,1,0,0,0,0,1
35,250090398,100,1,1,0,0,0,0,1
36,50327428,98.5,123,121,0,0,0,5,2
37,250162325,97.67,245,240,0,0,0,1,3
38,250200308,97.67,102,99,0,0,0,3,3
39,250064233,97.5,188,184,0,1,0,1,2
40,250042329,97.5,50,48,50,2,1,1,2
41,250196709,97,226,219,0,3,0,13,3
42,250122983,97,196,190,0,1,0,2,3
43,250132195,97,95,87,33.34,6,2,0,3
44,250132322,97,70,66,0,0,0,1,2
45,250023551,97,32,31,0,0,0,0,1
46,250136445,97,30,29,0,0,0,1,1
47,250101696,97,20,19,0,0,0,0,2
48,250064064,96.67,249,241,0,1,0,7,3
49,250079545,96.67,217,209,0,0,0,1,3
50,250127284,96.67,185,179,100,1,1,2,3
51,250028705,96.5,47,45,0,0,0,0,2
52,250005335,96.34,226,215,30.77,13,4,3,3
53,250017040,96,206,198,0,0,0,5,3
54,103335,96,138,130,0,0,0,5,3
55,250089225,96,133,127,0,0,0,1,3
56,250197796,96,83,80,0,0,0,3,1
57,250089688,96,49,47,0,0,0,1,1
58,250065413,96,44,41,0,1,0,0,2
59,250176491,96,24,23,0,0,0,1,1
60,250174126,95.67,275,264,0,0,0,4,3
61,250055660,95.67,209,200,50,2,1,1,3
62,250176201,95.67,191,182,0,0,0,5,3
63,250112803,95.67,100,96,0,1,0,5,3
64,250163777,95.5,161,155,0,1,0,1,2
65,250144858,95.5,103,98,0,0,0,2,2
66,250121218,95.34,205,196,0,0,0,3,3
67,250079677,95.34,173,164,0,0,0,4,3
68,250058220,95.34,145,138,0,0,0,4,3
69,250121294,95.34,120,114,0,2,0,4,3
70,250200313,95.34,85,81,0,1,0,3,3
71,250041781,95,168,161,0,1,0,1,2
72,250117410,95,153,145,0,1,0,3,2
73,250094540,95,109,104,0,0,0,1,1
74,250155799,95,80,74,0,0,0,2,2
75,250128270,95,48,46,0,1,0,0,2
76,250124169,95,44,42,33.34,3,1,0,2
77,250132810,95,44,42,0,0,0,2,1
78,250114167,95,41,39,0,2,0,0,2
79,250088150,95,35,31,0,0,0,1,3
80,250087877,95,22,21,0,0,0,2,1
81,250117511,95,22,21,0,0,0,0,1
82,250143669,95,19,18,0,1,0,1,1
83,250153851,95,19,18,0,0,0,0,1
84,250105244,94.67,112,104,0,1,0,3,3
85,250172907,94.5,82,77,0,0,0,0,2
86,250139101,94.5,13,12,66.67,3,2,2,2
87,250085369,94.34,269,253,0,0,0,3,3
88,250163454,94.34,235,221,0,0,0,0,3
89,250129446,94.34,197,186,0,0,0,4,3
90,250010223,94.34,54,50,33.34,3,1,0,3
91,250139207,94,203,191,100,1,1,1,3
92,250065301,94,163,155,0,6,0,3,3
93,250091013,94,162,152,0,0,0,5,3
94,250091198,94,156,148,0,0,0,3,3
95,250189506,94,156,147,0,0,0,5,3
96,250164835,94,87,82,0,2,0,1,2
97,250027008,94,87,82,0,1,0,0,1
98,250113103,94,79,75,0,0,0,1,3
99,250091828,94,72,68,33.34,12,4,0,3
100,250073809,94,31,29,0,0,0,2,1
101,250081555,94,26,24,100,2,2,0,2
102,250107324,94,18,16,0,2,0,0,3
103,250193534,94,9,8,0,0,0,0,2
104,250067630,93.67,261,247,0,1,0,5,3
105,250107477,93.67,204,192,0,0,0,5,3
106,250014709,93.67,201,188,0,3,0,5,3
107,250028211,93.67,189,176,0,0,0,7,3
108,250128120,93.67,162,151,14.29,7,1,5,3
109,250101444,93.67,145,136,60,5,3,3,3
110,250101238,93.67,128,117,0,1,0,2,3
111,98078,93.67,95,88,0,0,0,5,3
112,250128398,93.5,73,69,0,0,0,6,2
113,250066747,93.5,73,68,100,1,1,2,2
114,250068733,93.5,59,55,0,0,0,2,2
115,250055663,93.34,192,180,0,0,0,6,3
116,250076631,93.34,119,112,30.77,13,4,4,3
117,98023,93.34,115,108,0,1,0,0,3
118,250063505,93,216,201,0,0,0,4,3
119,250161248,93,184,171,100,1,1,2,3
120,250087118,93,162,151,0,0,0,4,3
121,250129343,93,55,51,33.34,9,3,4,1
122,250138653,93,51,48,0,2,0,2,2
123,250180309,93,30,28,0,1,0,0,1
124,250067334,93,15,14,100,1,1,0,1
125,250196664,93,14,13,0,0,0,0,2
126,250112117,93,14,13,0,0,0,0,1
127,250010259,93,14,13,0,0,0,0,1
128,250194573,93,13,12,0,0,0,0,2
129,250091841,93,11,10,0,0,0,0,2
130,50327420,92.67,213,197,0,0,0,8,3
131,250164991,92.67,175,161,0,0,0,8,3
132,250132399,92.67,173,161,100,1,1,6,3
133,102420,92.67,142,133,0,0,0,9,3
134,250135672,92.67,140,131,0,0,0,4,3
135,250106709,92.67,116,109,0,0,0,6,3
136,250091290,92.67,76,70,25,4,1,1,3
137,250161141,92.67,64,58,0,0,0,1,3
138,250145803,92.5,138,127,36.37,11,4,0,2
139,250174149,92.5,133,123,0,0,0,3,2
140,250139010,92.5,100,93,0,0,0,0,2
141,250169685,92.5,74,69,0,0,0,0,2
142,250067295,92.5,39,36,0,0,0,2,2
143,250174851,92.5,21,18,0,1,0,0,2
144,250185976,92.5,14,12,0,3,0,0,2
145,250116734,92.34,223,205,0,0,0,7,3
146,250029535,92.34,175,161,41.67,12,5,0,3
147,250136464,92.34,165,153,0,0,0,2,3
148,250188511,92.34,163,151,0,0,0,5,3
149,250101284,92.34,157,145,0,0,0,6,3
150,250132831,92.34,144,135,25,4,1,3,3
151,250169764,92.34,95,89,33.34,3,1,4,3
152,250064232,92,153,139,43.75,16,7,1,3
153,250112978,92,136,125,33.34,3,1,4,3
154,250092517,92,116,107,20,5,1,1,3
155,250112969,92,109,101,0,1,0,2,3
156,250121330,92,66,60,50,2,1,5,2
157,250041771,92,42,39,100,1,1,1,3
158,250146610,92,33,27,0,1,0,0,3
159,250164780,92,12,11,0,0,0,1,1
160,250042422,91.67,161,146,14.29,14,2,4,3
161,250004721,91.67,157,145,0,0,0,0,3
162,250083732,91.67,150,138,0,7,0,2,3
163,250128377,91.67,113,103,100,1,1,2,3
164,250135416,91.67,94,88,20,5,1,1,3
165,250096849,91.67,61,54,12.5,8,1,1,3
166,250089209,91.67,25,24,33.34,3,1,0,3
167,250188225,91.67,15,13,0,0,0,1,3
168,250022829,91.5,109,100,28.58,7,2,6,2
169,250127538,91.5,47,43,25,4,1,1,2
170,250177722,91.5,44,41,0,1,0,1,2
171,250193531,91.5,36,33,100,1,1,1,2
172,50327423,91.5,34,31,0,0,0,0,2
173,250127439,91.34,197,183,0,0,0,1,3
174,250040471,91.34,193,178,0,0,0,14,3
175,250121132,91.34,72,65,0,0,0,2,3
176,250112217,91,258,235,42.86,7,3,3,3
177,250124068,91,213,195,0,1,0,7,3
178,1909917,91,192,175,33.34,3,1,6,3
179,250131901,91,178,166,0,0,0,4,3
180,97923,91,127,113,0,0,0,5,3
181,250181712,91,124,113,0,0,0,5,2
182,250066156,91,118,107,0,2,0,0,2
183,250124460,91,94,85,100,1,1,1,3
184,250082664,91,91,83,0,1,0,1,1
185,250059115,91,90,82,16.67,6,1,1,2
186,250113392,91,78,69,0,0,0,0,3
187,250011668,91,66,59,0,0,0,6,2
188,250052957,91,51,48,0,0,0,2,2
189,250121329,91,44,40,0,1,0,2,1
190,250089289,91,27,24,0,0,0,0,3
191,250089824,91,23,21,0,0,0,0,1
192,250056982,91,11,10,0,0,0,2,1
193,250042632,91,11,10,0,0,0,0,1
194,250134856,90.67,292,266,100,1,1,3,3
195,250041626,90.67,182,165,0,1,0,4,3
196,250176453,90.67,171,158,0,0,0,4,3
197,250153849,90.67,166,151,33.34,3,1,0,3
198,250064188,90.67,165,151,0,0,0,3,3
199,250023097,90.67,143,130,0,1,0,10,3
200,250121965,90.67,141,128,0,0,0,3,3
201,250187221,90.67,133,122,0,0,0,4,3
202,250056566,90.67,90,82,0,1,0,0,3
203,250064027,90.67,74,67,0,0,0,9,3
204,250039931,90.5,84,78,0,0,0,3,2
205,250122187,90.5,71,65,0,0,0,2,2
206,250191448,90.5,49,47,0,0,0,0,2
207,250127492,90.34,174,159,0,0,0,7,3
208,250061027,90.34,129,117,66.67,3,2,2,3
209,250118391,90.34,117,105,0,0,0,2,3
210,250121584,90.34,107,94,38.47,13,5,2,3
211,250116951,90.34,104,94,0,2,0,3,3
212,250027780,90.34,90,78,25,4,1,2,3
213,250112974,90.34,57,52,100,1,1,1,3
214,250063984,90.34,39,35,0,2,0,0,3
215,250117806,90.34,30,24,30,10,3,3,3
216,250128222,90.34,16,14,0,0,0,0,3
217,250064444,90,211,190,0,1,0,6,3
218,250088061,90,181,163,10,10,1,5,3
219,250051754,90,176,159,0,1,0,4,3
220,250014042,90,172,156,0,1,0,6,3
221,250113001,90,155,141,0,0,0,2,3
222,250091199,90,152,137,0,2,0,5,3
223,97746,90,146,132,0,0,0,4,3
224,250128255,90,141,134,20,5,1,9,3
225,250196588,90,114,103,0,1,0,1,3
226,250042780,90,111,99,0,0,0,3,3
227,250112513,90,51,46,0,0,0,2,1
228,250019346,90,50,45,0,0,0,2,1
229,250187184,90,49,44,0,3,0,0,3
230,250056189,90,21,19,50,6,3,1,1
231,250055149,90,21,19,0,0,0,1,1
232,250106935,90,19,18,0,0,0,0,2
233,250058215,90,16,15,0,1,0,1,2
234,250153701,90,15,13,0,0,0,0,2
235,250110159,90,10,9,0,0,0,0,1
236,250070417,89.67,268,242,36.85,19,7,8,3
237,250053044,89.67,204,184,0,0,0,2,3
238,250137390,89.67,189,169,0,0,0,8,3
239,250028715,89.67,175,155,25,4,1,1,3
240,250101534,89.67,138,123,8.34,12,1,2,3
241,250081921,89.67,136,126,0,1,0,3,3
242,250123677,89.67,116,104,40,5,2,1,3
243,250110734,89.67,107,96,28.58,7,2,8,3
244,250058258,89.67,96,86,25,4,1,3,3
245,250166930,89.67,93,83,0,0,0,4,3
246,250024349,89.67,82,74,33.34,3,1,4,3
247,250161881,89.67,28,24,33.34,3,1,0,3
248,250172787,89.5,139,124,0,0,0,5,2
249,250117405,89.5,43,40,16.67,6,1,0,2
250,250138985,89.5,30,28,0,0,0,1,2
251,250080572,89.5,19,17,0,1,0,0,2
252,250076126,89.34,179,163,37.5,8,3,6,3
253,250126449,89.34,177,158,0,4,0,3,3
254,250129965,89.34,148,132,0,1,0,5,3
255,250174822,89.34,124,111,35.3,17,6,0,3
256,250173502,89.34,76,68,0,3,0,2,3
257,250112690,89.34,67,57,30,10,3,0,3
258,250172672,89,152,135,0,0,0,4,3
259,250158476,89,150,137,0,3,0,4,3
260,250046522,89,147,132,33.34,6,2,5,3
261,250096309,89,140,126,33.34,3,1,6,3
262,250135101,89,131,115,0,0,0,3,3
263,250096698,89,115,103,50,6,3,3,3
264,250129341,89,104,93,0,0,0,5,2
265,250101201,89,64,55,0,0,0,0,2
266,250078922,89,58,52,0,0,0,5,2
267,250007075,89,55,49,0,0,0,3,2
268,250096716,89,48,41,50,4,2,3,3
269,250189052,89,47,41,25,4,1,3,2
270,250077750,89,38,34,0,0,0,3,1
271,250117491,89,36,32,0,0,0,0,1
272,250174830,89,19,17,0,0,0,0,1
273,250132465,89,10,8,0,3,0,0,2
274,250172227,89,9,8,0,0,0,0,1
275,250121149,88.67,120,106,0,2,0,3,3
276,250024370,88.67,100,91,33.34,3,1,0,3
277,250058227,88.67,86,76,0,8,0,3,3
278,250132323,88.5,118,106,14.29,7,1,1,2
279,250066157,88.5,44,39,0,5,0,3,2
280,250105686,88.5,25,20,0,1,0,0,2
281,250068805,88.5,18,15,0,0,0,0,2
282,250068808,88.34,222,198,0,0,0,7,3
283,250136465,88.34,210,188,10,10,1,4,3
284,250188474,88.34,171,151,0,2,0,4,3
285,250168990,88.34,153,135,0,6,0,3,3
286,250139445,88.34,145,130,25,4,1,0,3
287,250016616,88.34,131,120,0,1,0,4,3
288,250122213,88.34,117,109,0,1,0,2,3
289,250069832,88.34,112,100,0,0,0,3,3
290,250101727,88.34,103,91,100,1,1,3,3
291,250092668,88,153,136,0,4,0,7,3
292,250118964,88,136,120,60,5,3,1,3
293,250019573,88,121,110,0,0,0,2,3
294,250064252,88,107,96,0,1,0,2,3
295,250091172,88,103,91,0,3,0,2,3
296,250145845,88,84,74,42.86,7,3,3,3
297,1907188,88,75,67,0,0,0,6,2
298,250113142,88,72,63,18.75,16,3,0,2
299,250115436,88,68,60,50,2,1,3,3
300,250019616,88,50,44,25,4,1,1,3
301,250057117,88,40,35,0,3,0,0,1
302,1906768,88,40,35,0,0,0,1,1
303,250171667,88,25,22,0,0,0,2,1
304,250177423,88,25,22,0,0,0,0,1
305,250164004,88,17,15,0,2,0,0,1
306,250055899,88,17,15,0,0,0,1,1
307,250090766,87.67,150,133,26.32,19,5,2,3
308,250102308,87.67,101,89,0,2,0,2,3
309,250071671,87.67,31,27,0,1,0,1,3
310,250064482,87.5,103,91,40,5,2,5,2
311,250055957,87.5,50,46,0,0,0,0,2
312,250101728,87.5,47,41,0,0,0,1,2
313,250129735,87.5,32,27,0,0,0,2,2
314,250121536,87.5,23,20,0,0,0,0,2
315,250121972,87.5,22,19,0,0,0,1,2
316,250096737,87.5,18,16,0,0,0,1,2
317,250006998,87.5,11,10,0,0,0,0,2
318,250041564,87.5,5,4,0,0,0,1,2
319,250143693,87.34,134,117,50,4,2,6,3
320,250085751,87.34,106,95,0,0,0,4,3
321,250140940,87.34,99,86,30,10,3,9,3
322,250153402,87.34,53,46,0,2,0,0,3
323,250163447,87.34,50,45,0,2,0,0,3
324,250168465,87.34,27,24,0,1,0,0,3
325,250163623,87,127,112,20,5,1,2,3
326,250110894,87,61,53,0,1,0,1,1
327,250089719,87,45,39,12.5,8,1,1,1
328,250121552,87,25,21,25,4,1,0,3
329,250153945,86.67,182,161,37.5,8,3,2,3
330,250113237,86.67,122,109,0,5,0,5,3
331,250017824,86.67,112,103,0,0,0,7,3
332,250154416,86.67,102,91,100,1,1,2,3
333,250051291,86.67,75,61,0,0,0,2,3
334,250171283,86.5,105,90,0,4,0,4,2
335,250196586,86.5,97,85,0,0,0,6,2
336,250079541,86.5,93,82,0,0,0,4,2
337,250154302,86.5,87,78,0,0,0,0,2
338,250106967,86.5,72,62,40,5,2,1,2
339,250058270,86.5,34,29,28.58,7,2,2,2
340,250187671,86.5,17,13,0,1,0,0,2
341,250086316,86.34,136,119,0,0,0,0,3
342,250040573,86.34,104,90,0,0,0,7,3
343,250188223,86.34,79,69,16.67,6,1,1,3
344,250080553,86.34,58,51,0,0,0,0,3
345,250160436,86,131,113,58.34,12,7,1,3
346,250024448,86,115,99,9.1,11,1,3,2
347,250198240,86,105,93,57.15,7,4,8,3
348,250081721,86,65,54,0,0,0,3,2
349,250079003,86,64,55,50,4,2,4,3
350,250105890,86,44,38,40,5,2,1,1
351,250090955,86,39,33,0,0,0,5,2
352,250198114,86,36,31,0,0,0,1,1
353,1902685,86,25,22,0,0,0,0,2
354,250049573,86,24,19,0,0,0,0,3
355,250166916,86,21,18,0,1,0,0,2
356,250089276,86,14,12,0,0,0,0,1
357,250103561,86,7,6,0,0,0,1,1
358,250123695,85.67,185,161,29.42,17,5,3,3
359,250019498,85.67,134,116,30.77,13,4,2,3
360,250041770,85.67,110,94,20,5,1,0,3
361,250130406,85.67,109,92,18.75,16,3,0,3
362,74954,85.67,105,88,0,0,0,5,3
363,250200228,85.67,104,90,0,2,0,2,3
364,250124006,85.67,99,85,0,0,0,6,3
365,250161140,85.67,64,55,50,2,1,3,3
366,250012069,85.67,57,49,0,0,0,3,3
367,250193518,85.67,36,30,0,2,0,1,3
368,250132829,85.5,73,63,40,10,4,0,2
369,250080461,85.5,64,54,0,0,0,7,2
370,250101723,85.5,59,51,0,2,0,0,2
371,250104939,85.5,37,32,50,2,1,2,2
372,250113373,85.5,20,17,0,0,0,1,2
373,250090809,85.5,18,13,0,0,0,0,2
374,250196665,85.5,11,9,0,0,0,0,2
375,250052554,85.34,145,124,0,1,0,5,3
376,250102866,85.34,122,107,0,1,0,1,3
377,250112224,85.34,90,83,0,0,0,0,3
378,250119677,85.34,90,79,0,1,0,2,3
379,250066739,85,129,109,20,5,1,8,2
380,250078593,85,92,78,0,2,0,1,2
381,250131541,85,77,66,0,5,0,1,3
382,250082469,85,63,52,66.67,3,2,0,3
383,250194673,85,53,44,0,0,0,1,3
384,250130786,85,45,39,0,0,0,2,3
385,250024456,85,41,36,0,1,0,1,3
386,250058044,85,33,28,0,1,0,1,1
387,250020850,85,33,28,0,0,0,1,2
388,250099180,85,33,28,0,0,0,0,3
389,250144964,85,20,17,0,1,0,0,1
390,250181680,84.67,133,113,0,5,0,8,3
391,74699,84.67,113,102,9.1,11,1,4,3
392,250116904,84.67,84,73,100,1,1,0,3
393,250156002,84.5,89,77,0,1,0,2,2
394,250013058,84.5,65,55,14.29,7,1,5,2
395,250055110,84.5,24,20,0,0,0,0,2
396,250115487,84.5,20,17,0,0,0,0,2
397,250193519,84.5,19,16,100,1,1,0,2
398,250187672,84.34,124,105,50,2,1,4,3
399,250163786,84.34,111,95,66.67,3,2,1,3
400,250159544,84.34,71,60,0,0,0,0,3
401,250187759,84.34,49,41,100,1,1,0,3
402,250128385,84.34,21,18,20,5,1,0,3
403,250153349,84,162,136,10,10,1,2,3
404,250169730,84,161,137,50,4,2,3,3
405,250119181,84,152,127,22.23,9,2,4,3
406,250101557,84,142,120,0,0,0,13,3
407,250148830,84,82,69,0,1,0,1,2
408,250081931,84,45,38,0,0,0,1,1
409,250054949,84,37,30,0,0,0,0,2
410,250080471,84,21,18,0,0,0,0,2
411,250165236,84,19,16,0,0,0,1,1
412,250171184,83.67,140,119,0,14,0,0,3
413,250102868,83.67,96,81,11.12,9,1,9,3
414,250172673,83.67,91,77,50,6,3,0,3
415,250087938,83.67,82,69,100,1,1,0,3
416,250169265,83.5,93,80,0,0,0,2,2
417,250040521,83.5,81,68,14.29,7,1,0,2
418,1906553,83.5,4,3,0,0,0,0,2
419,250106969,83.34,149,125,36.37,11,4,6,3
420,250113444,83.34,91,75,0,0,0,9,3
421,250132811,83.34,57,45,0,1,0,0,3
422,250091165,83.34,56,46,0,5,0,2,3
423,250162865,83.34,11,9,0,1,0,0,3
424,250171067,83,120,100,50,6,3,1,3
425,250063394,83,78,59,0,0,0,0,3
426,250104075,83,72,59,33.34,3,1,2,3
427,250108215,83,62,51,0,0,0,2,3
428,250192048,83,59,51,28.58,7,2,2,2
429,250127239,83,56,47,60,5,3,0,2
430,250106939,83,49,40,100,1,1,3,2
431,250015966,83,38,32,0,4,0,0,3
432,250194564,83,30,25,0,2,0,0,1
433,250115134,83,30,25,0,0,0,1,2
434,250090101,83,24,20,0,0,0,0,1
435,250063957,83,23,19,33.34,3,1,0,1
436,250055216,83,6,5,0,0,0,0,1
437,250196663,83,6,5,0,0,0,0,1
438,250113211,82.67,144,120,50,2,1,5,3
439,250134536,82.67,132,108,11.12,9,1,2,3
440,250189363,82.67,118,101,11.12,9,1,5,3
441,250016833,82.67,83,69,0,0,0,0,3
442,250144297,82.67,19,15,0,0,0,0,3
443,250081207,82.34,96,84,0,1,0,2,3
444,250171055,82.34,76,63,25,8,2,0,3
445,250056159,82.34,68,57,0,0,0,1,3
446,250172668,82.34,64,52,33.34,3,1,0,3
447,250173126,82.34,42,33,0,0,0,0,3
448,250025791,82,165,135,0,0,0,4,3
449,250087102,82,109,89,0,0,0,3,3
450,250138382,82,95,78,21.43,14,3,0,3
451,250115948,82,66,54,100,1,1,1,1
452,250166754,82,55,42,25,4,1,2,3
453,250177497,82,51,38,0,1,0,2,3
454,250106722,82,48,40,0,0,0,2,2
455,250188246,82,48,39,20,5,1,2,2
456,250186123,82,44,36,0,0,0,5,1
457,250014114,82,40,33,0,0,0,0,1
458,250101313,82,34,28,66.67,3,2,0,1
459,250058218,82,11,9,0,2,0,0,1
460,250061721,81.67,89,75,0,0,0,4,3
461,250078012,81.67,54,44,0,0,0,0,3
462,250086315,81.67,53,45,0,2,0,0,3
463,250127540,81.67,26,20,0,0,0,0,3
464,250128451,81.34,125,102,16.67,12,2,4,3
465,250079279,81.34,72,59,33.34,6,2,1,3
466,250134304,81.34,69,55,50,8,4,0,3
467,250188247,81,141,115,0,0,0,5,3
468,250101097,81,109,89,38.47,13,5,1,3
469,250118504,81,93,75,8.34,12,1,8,3
470,250099258,81,89,72,54.55,11,6,0,3
471,250081553,81,68,55,55.56,9,5,1,2
472,250099671,81,64,52,0,6,0,0,3
473,250127347,81,56,45,0,2,0,0,2
474,250193541,81,43,35,20,10,2,0,2
475,250052849,81,32,26,0,7,0,0,1
476,250178782,81,32,26,0,1,0,1,1
477,250105167,81,24,18,0,0,0,0,3
478,250132401,80.67,146,118,14.29,7,1,10,3
479,104733,80.34,91,74,0,0,0,4,3
480,250089228,80.34,90,73,20,5,1,0,3
481,250005231,80.34,42,35,0,2,0,0,3
482,250104066,80,145,117,0,1,0,0,3
483,250169705,80,94,76,25,4,1,0,3
484,250000679,80,71,58,0,0,0,0,3
485,250103243,80,71,56,16.67,6,1,4,2
486,250132886,80,41,34,0,0,0,2,2
487,250132730,80,38,30,0,5,0,0,3
488,250102901,80,17,14,100,1,1,0,2
489,250118797,80,17,14,0,0,0,0,2
490,250177333,80,15,12,0,0,0,1,1
491,250198120,80,10,8,0,0,0,1,1
492,250166680,80,10,8,0,0,0,0,1
493,250029862,80,5,4,0,0,0,0,1
494,250081720,80,5,4,0,0,0,0,1
495,250112122,79.67,78,62,50,2,1,1,3
496,250142271,79.67,59,46,16.67,12,2,2,3
497,250088104,79.67,57,48,27.78,18,5,0,3
498,250097337,79.67,27,21,0,0,0,0,3
499,250122746,79.5,27,22,0,1,0,0,2
500,250065419,79.34,121,96,28.58,7,2,5,3
501,250064446,79.34,64,51,12.5,8,1,0,3
502,250129746,79.34,26,22,0,1,0,1,3
503,250110361,79,103,82,33.34,12,4,3,2
504,250132407,79,52,43,50,2,1,0,3
505,102153,79,49,39,0,1,0,0,2
506,250064274,79,40,31,0,2,0,0,3
507,250008901,79,29,23,100,1,1,0,1
508,250135615,79,24,19,0,0,0,0,2
509,250103758,79,20,16,0,1,0,0,3
510,250130414,78.67,107,87,26.67,15,4,5,3
511,250098471,78.67,100,80,14.29,7,1,5,3
512,250176450,78.67,81,64,0,1,0,1,3
513,250113276,78.67,65,52,33.34,6,2,0,3
514,250164785,78.5,74,58,0,3,0,2,2
515,1906511,78.5,9,6,0,0,0,1,2
516,250004363,78.34,116,92,42.86,7,3,2,3
517,250105927,78.34,63,49,50,2,1,0,3
518,250058722,78.34,37,29,20,5,1,0,3
519,250074010,78,86,66,0,4,0,6,3
520,250113947,78,48,40,0,5,0,0,2
521,250186923,78,37,29,100,1,1,1,1
522,250104089,78,31,27,0,0,0,2,2
523,250118281,78,26,20,0,1,0,0,3
524,250194557,78,23,18,0,0,0,1,1
525,250171045,78,18,14,0,2,0,1,1
526,250090719,78,9,7,0,0,0,0,1
527,250134320,77.67,70,57,0,0,0,2,3
528,250128468,77.5,36,26,0,0,0,0,2
529,250174849,77.5,32,26,0,0,0,0,2
530,250086037,77.34,158,123,50,4,2,2,3
531,250077679,77.34,147,119,25,20,5,9,3
532,250063980,77.34,112,86,0,0,0,8,3
533,250085475,77.34,106,84,0,0,0,5,3
534,250158901,77.34,67,53,0,0,0,6,3
535,250196712,77.34,45,36,0,3,0,0,3
536,250124430,77,95,74,0,3,0,0,3
537,250101144,77,90,69,0,0,0,4,2
538,250029318,77,74,60,0,2,0,0,3
539,250117705,77,57,44,25,4,1,0,3
540,250130234,77,56,43,20,15,3,0,3
541,250097909,77,56,43,0,1,0,0,3
542,250101472,77,32,26,0,1,0,0,2
543,250123910,77,16,12,0,0,0,0,3
544,250105681,77,13,10,0,0,0,0,1
545,250076357,76.67,129,99,22.23,9,2,4,3
546,1905153,76.67,89,68,45.46,11,5,3,3
547,250187143,76.67,52,37,16.67,6,1,0,3
548,250024795,76.5,16,12,0,1,0,1,2
549,250145629,76.34,118,91,20,5,1,2,3
550,250123304,76.34,87,65,0,0,0,8,3
551,250169706,76.34,49,39,0,2,0,0,3
552,250066886,76,73,55,10,10,1,1,2
553,250135339,76,65,49,16.67,6,1,0,2
554,250052744,76,63,47,0,0,0,4,2
555,250103562,76,45,32,0,3,0,1,2
556,250073778,76,42,32,0,0,0,3,1
557,250117415,76,29,22,0,0,0,3,1
558,250125538,75.67,81,62,33.34,6,2,1,3
559,250146674,75.67,69,53,0,1,0,0,3
560,250156457,75.67,61,48,0,0,0,4,3
561,250112842,75.5,57,44,0,1,0,0,2
562,250143328,75.5,37,30,0,1,0,0,2
563,250121533,75,106,80,33.34,12,4,0,3
564,250134138,75,75,58,0,5,0,0,3
565,1905643,75,36,27,0,1,0,2,1
566,250091175,75,35,30,0,2,0,0,2
567,250197958,75,16,12,0,0,0,0,1
568,250099399,75,12,9,0,0,0,0,1
569,250124222,75,5,4,0,0,0,0,2
570,250140936,75,4,3,0,1,0,0,1
571,250134190,75,4,3,0,0,0,0,1
572,250121017,74.67,161,118,0,0,0,0,3
573,250097638,74.67,72,56,33.34,6,2,0,3
574,250181460,74.67,21,16,0,0,0,0,3
575,250099867,74.5,85,63,0,0,0,3,2
576,250003318,74.5,39,29,66.67,3,2,0,2
577,250061361,74,36,26,0,0,0,0,3
578,250091187,74,27,19,0,1,0,0,2
579,250052469,73.67,76,55,50,4,2,0,3
580,250162177,73.67,45,34,25,4,1,0,3
581,250141861,73.5,28,19,0,2,0,0,2
582,250113993,73.34,46,34,100,1,1,1,3
583,250080570,73,17,12,50,2,1,1,2
584,250066131,72.67,93,68,0,0,0,13,3
585,250002096,72.34,51,37,0,0,0,0,3
586,250096954,72.34,45,33,0,0,0,0,3
587,250187238,72.34,39,29,0,0,0,0,3
588,250196543,72.34,17,11,0,1,0,0,3
589,250171278,72,100,71,0,0,0,11,3
590,250115192,72,66,51,0,2,0,2,3
591,250076574,72,49,35,33.34,3,1,0,3
592,250200231,72,34,26,33.34,6,2,0,3
593,250177886,71.67,57,41,40,5,2,4,3
594,250079383,71.67,28,20,50,2,1,0,3
595,250079670,71.5,52,41,57.15,7,4,1,2
596,250106148,71.34,70,50,66.67,6,4,1,3
597,250171301,71,41,29,0,0,0,0,3
598,250144965,71,37,24,0,2,0,0,3
599,250132309,71,20,15,25,4,1,0,2
600,250043066,70.67,104,77,0,1,0,6,3
601,250023009,70.67,73,52,33.34,3,1,0,3
602,250026229,70.5,59,44,0,0,0,6,2
603,1903428,70.5,42,30,0,1,0,0,2
604,250167977,70,64,47,0,0,0,0,3
605,250007631,70,54,38,0,0,0,3,1
606,250138250,70,37,26,0,0,0,2,1
607,250005343,69.67,103,72,0,0,0,0,3
608,250112186,69.34,26,18,0,1,0,0,3
609,250200298,69.34,19,15,0,1,0,0,3
610,250013022,69,64,44,33.34,3,1,1,3
611,250102035,69,47,37,0,0,0,0,3
612,250163400,69,41,29,50,4,2,0,3
613,250112880,68.67,103,74,27.28,11,3,5,3
614,250081223,68.67,82,55,100,1,1,1,3
615,250156235,68.67,20,14,0,0,0,0,3
616,250117406,68.34,19,13,0,0,0,0,3
617,250006714,68,105,71,0,0,0,21,3
618,250086263,68,76,56,40,5,2,2,3
619,250106649,68,74,58,20,5,1,0,3
620,250163731,68,48,40,66.67,3,2,1,2
621,250116067,68,29,20,0,4,0,0,2
622,250123428,67.5,9,6,0,1,0,0,2
623,103806,67,15,10,0,0,0,0,1
624,250077644,67,6,4,0,0,0,0,1
625,250177597,67,6,4,0,0,0,0,1
626,250197801,67,3,2,0,0,0,0,1
627,250164781,67,3,2,0,0,0,0,1
628,250129175,66.67,22,14,0,1,0,0,3
629,250067749,66.5,28,22,0,0,0,0,2
630,250067629,66.5,16,11,0,1,0,1,2
631,250063617,66,41,27,0,4,0,5,1
632,250157930,65.67,57,38,20,5,1,1,3
633,250153634,65.5,20,13,0,3,0,0,2
634,250105612,65.34,93,58,0,0,0,8,3
635,250135068,64,105,68,0,0,0,7,3
636,250054969,64,45,29,0,0,0,2,1
637,250127111,63,40,27,0,0,0,0,3
638,250138928,62.67,90,83,0,0,0,2,3
639,250183519,62.67,32,21,0,2,0,0,3
640,250064273,62.34,20,12,0,0,0,0,3
641,250177879,62,13,8,0,0,0,0,1
642,250032786,61.67,128,118,0,0,0,2,3
643,250198501,61.67,25,23,0,0,0,0,3
644,250174063,60.67,13,8,0,0,0,0,3
645,250167111,60,32,19,0,0,0,0,3
646,250147342,59.34,53,31,0,2,0,0,3
647,250157134,59,65,38,0,0,0,5,3
648,250124849,59,60,54,22.23,9,2,3,3
649,250105717,58.34,48,27,50,4,2,0,3
650,250112400,57.67,70,39,25,8,2,3,3
651,250086789,57.67,35,29,0,0,0,0,3
652,250042631,57.34,57,48,100,1,1,0,3
653,250137525,56.5,33,25,0,0,0,0,2
654,250099459,56,24,17,0,0,0,0,3
655,250128409,56,19,15,0,2,0,0,3
656,250156459,55.67,14,8,0,0,0,0,3
657,250189047,55,35,28,0,3,0,0,3
658,250146926,54.67,18,10,0,0,0,0,3
659,250160568,54,65,36,50,8,4,0,3
660,250117471,54,22,20,0,1,0,0,3
661,250142158,53.34,7,5,0,0,0,0,3
662,250133390,52,29,23,100,1,1,1,3
663,250181082,50,13,13,0,0,0,1,2
664,250161761,50,9,9,0,0,0,0,2
665,107044,50,8,8,0,1,0,0,2
666,250183092,50,8,4,0,0,0,0,3
667,250200307,50,4,2,0,0,0,0,1
668,250004986,50,4,2,0,0,0,0,1
669,250187899,50,2,2,0,1,0,0,2
670,250092194,50,2,1,0,0,0,0,1
671,250139255,50,2,1,0,0,0,0,1
672,250187837,48.5,12,6,0,2,0,0,2
673,250134728,46,78,71,20,5,1,4,2
674,250198119,46,13,12,25,4,1,0,2
675,250079112,45,31,14,0,0,0,6,1
676,250088320,44.5,29,25,0,1,0,0,2
677,250022869,44.34,13,6,0,0,0,0,3
678,250105818,43.67,81,35,0,0,0,12,3
679,250077453,40,20,16,50,4,2,0,2
680,250141610,37.5,5,3,0,0,0,0,2
681,250187620,37.5,4,3,0,0,0,0,2
682,250198274,37.5,4,3,0,0,0,0,2
683,250193506,36.5,16,11,100,1,1,0,2
684,1909868,33.5,9,6,0,1,0,0,2
685,250055109,33.5,3,2,0,0,0,0,2
686,250138982,33.5,3,2,0,0,0,0,2
687,250183510,20,5,1,0,0,0,0,1
688,250097935,0,2,0,0,0,0,0,1
689,250197800,0,0,0,0,1,0,0,1
690,250126267,0,0,0,0,0,0,0,1
691,250042521,0,0,0,0,0,0,0,1
692,93443,,,,0,,,,
693,69178,,,,0,,,,
694,250204164,,,,0,,,,
695,250202692,,,,0,,,,
696,250201731,,,,0,,,,
697,250201718,,,,0,,,,
698,250200248,,,,0,,,,
699,250199905,,,,0,,,,
700,250199902,,,,0,,,,
701,250199900,,,,0,,,,
702,250199899,,,,0,,,,
703,250199543,,,,0,,,,
704,250199225,,,,0,,,,
705,250198502,,,,0,,,,
706,250198498,,,,0,,,,
707,250197866,,,,0,,,,
708,250196593,,,,0,,,,
709,250196587,,,,0,,,,
710,250196584,,,,0,,,,
711,250196544,,,,0,,,,
712,250196542,,,,0,,,,
713,250195173,,,,0,,,,
714,250193410,,,,0,,,,
715,250192873,,,,0,,,,
716,250192699,,,,0,,,,
717,250192405,,,,0,,,,
718,250192269,,,,0,,,,
719,250190780,,,,0,,,,
720,250190776,,,,0,,,,
721,250190774,,,,0,,,,
722,250190375,,,,0,,,,
723,250190117,,,,0,,,,
724,250189610,,,,0,,,,
725,250189230,,,,0,,,,
726,250189174,,,,0,,,,
727,250189136,,,,0,,,,
728,250188470,,,,0,,,,
729,250188129,,,,0,,,,
730,250187771,,,,0,,,,
731,250186116,,,,0,,,,
732,250184504,,,,0,,,,
733,250183894,,,,0,,,,
734,250183341,,,,0,,,,
735,250182971,,,,0,,,,
736,250180810,,,,0,,,,
737,250180112,,,,0,,,,
738,250179734,,,,0,,,,
739,250179137,,,,0,,,,
740,250178085,,,,0,,,,
741,250178076,,,,0,,,,
742,250178067,,,,0,,,,
743,250177933,,,,0,,,,
744,250177612,,,,0,,,,
745,250177593,,,,0,,,,
746,250177426,,,,0,,,,
747,250177381,,,,0,,,,
748,250176532,,,,0,,,,
749,250176488,,,,0,,,,
750,250176477,,,,0,,,,
751,250176229,,,,0,,,,
752,250176213,,,,0,,,,
753,250176212,,,,0,,,,
754,250176188,,,,0,,,,
755,250174995,,,,0,,,,
756,250174737,,,,0,,,,
757,250174331,,,,0,,,,
758,250172534,,,,0,,,,
759,250171659,,,,0,,,,
760,250171100,,,,0,,,,
761,250170952,,,,0,,,,
762,250170141,,,,0,,,,
763,250170133,,,,0,,,,
764,250170117,,,,0,,,,
765,250169918,,,,0,,,,
766,250169894,,,,0,,,,
767,250169891,,,,0,,,,
768,250169577,,,,0,,,,
769,250169576,,,,0,,,,
770,250168729,,,,0,,,,
771,250168060,,,,0,,,,
772,250165547,,,,0,,,,
773,250164989,,,,0,,,,
774,250164740,,,,0,,,,
775,250164626,,,,0,,,,
776,250164169,,,,0,,,,
777,250164068,,,,0,,,,
778,250164054,,,,0,,,,
779,250163658,,,,0,,,,
780,250163505,,,,0,,,,
781,250163224,,,,0,,,,
782,250162627,,,,0,,,,
783,250162176,,,,0,,,,
784,250160990,,,,0,,,,
785,250160835,,,,0,,,,
786,250159294,,,,0,,,,
787,250154458,,,,0,,,,
788,250154332,,,,0,,,,
789,250154301,,,,0,,,,
790,250153773,,,,0,,,,
791,250153677,,,,0,,,,
792,250153412,,,,0,,,,
793,250150470,,,,0,,,,
794,250148144,,,,0,,,,
795,250144288,,,,0,,,,
796,250139387,,,,0,,,,
797,250139028,,,,0,,,,
798,250138956,,,,0,,,,
799,250138635,,,,0,,,,
800,250138623,,,,0,,,,
801,250138286,,,,0,,,,
802,250137521,,,,0,,,,
803,250137395,,,,0,,,,
804,250135608,,,,0,,,,
805,250135499,,,,0,,,,
806,250135497,,,,0,,,,
807,250134952,,,,0,,,,
808,250129928,,,,0,,,,
809,250129831,,,,0,,,,
810,250128391,,,,0,,,,
811,250127502,,,,0,,,,
812,250127149,,,,0,,,,
813,250127130,,,,0,,,,
814,250127024,,,,0,,,,
815,250124400,,,,0,,,,
816,250123440,,,,0,,,,
817,250123020,,,,0,,,,
818,250118962,,,,0,,,,
819,250118787,,,,0,,,,
820,250117408,,,,0,,,,
821,250116759,,,,0,,,,
822,250116069,,,,0,,,,
823,250113263,,,,0,,,,
824,250109859,,,,0,,,,
825,250109381,,,,0,,,,
826,250109378,,,,0,,,,
827,250108031,,,,0,,,,
828,250107089,,,,0,,,,
829,250106979,,,,0,,,,
830,250106880,,,,0,,,,
831,250105664,,,,0,,,,
832,250104128,,,,0,,,,
833,250104101,,,,0,,,,
834,250103498,,,,0,,,,
835,250102417,,,,0,,,,
836,250101698,,,,0,,,,
837,250096761,,,,0,,,,
838,250088389,,,,0,,,,
839,250088122,,,,0,,,,
840,250088117,,,,0,,,,
841,250087542,,,,0,,,,
842,250086637,,,,0,,,,
843,250082738,,,,0,,,,
844,250082625,,,,0,,,,
845,250081634,,,,0,,,,
846,250079522,,,,0,,,,
847,250074072,,,,0,,,,
848,250070418,,,,0,,,,
849,250069830,,,,0,,,,
850,250067821,,,,0,,,,
851,250066521,,,,0,,,,
852,250065307,,,,0,,,,
853,250064310,,,,0,,,,
854,250061507,,,,0,,,,
855,250058260,,,,0,,,,
856,250058121,,,,0,,,,
857,250056861,,,,0,,,,
858,250056735,,,,0,,,,
859,250042779,,,,0,,,,
860,250042778,,,,0,,,,
861,250041563,,,,0,,,,
862,250040599,,,,0,,,,
863,250029377,,,,0,,,,
864,250022366,,,,0,,,,
865,250017814,,,,0,,,,
866,250015753,,,,0,,,,
867,250011071,,,,0,,,,
868,250000104,,,,0,,,,
869,108908,,,,0,,,,
870,108501,,,,0,,,,
871,103827,,,,0,,,,
872,101585,,,,0,,,,
